full_name,age,league,position,Current Club,minutes_played_overall,nationality,appearances_overall,goals_overall,goals_home,goals_away,assists_overall,clean_sheets_overall,yellow_cards_overall,red_cards_overall
David de Gea,28,Premier League,Goalkeeper,Manchester United,3420,Spain,38,0,0,0,0,7,1,0
Matteo Darmian,29,Premier League,Defender,Manchester United,443,Italy,6,0,0,0,0,1,0,0
Victor Nilsson Lindelöf,25,Premier League,Defender,Manchester United,2602,Sweden,30,1,1,0,1,6,1,0
Luke Shaw,24,Premier League,Defender,Manchester United,2592,England,29,1,1,0,4,6,11,0
Eric Bertrand Bailly,25,Premier League,Defender,Manchester United,637,Côte d'Ivoire,12,0,0,0,0,3,1,1
Juan Mata,31,Premier League,Midfielder,Manchester United,1294,Spain,22,3,3,0,2,4,3,0
Paul Pogba,26,Premier League,Midfielder,Manchester United,3011,France,35,13,10,3,9,7,6,0
Frederico Rodrigues Santos,26,Premier League,Midfielder,Manchester United,1045,Brazil,17,1,1,0,1,0,2,0
Andreas Pereira,23,Premier League,Midfielder,Manchester United,595,Brazil,15,1,1,0,1,1,5,0
Alexis Sanchez,30,Premier League,Forward,Manchester United,877,Chile,20,1,1,0,3,6,3,0
Marcus Rashford,21,Premier League,Forward,Manchester United,2362,England,33,10,4,6,6,6,4,1
Romelu Lukaku,26,Premier League,Forward,Manchester United,2130,Belgium,32,12,4,8,0,7,4,0
Scott McTominay,22,Premier League,Midfielder,Manchester United,861,England,16,2,0,2,0,3,1,0
Marouane Fellaini,31,Premier League,Midfielder,Manchester United,744,Belgium,14,0,0,0,1,2,1,0
Anthony Martial,23,Premier League,Forward,Manchester United,1623,France,27,10,4,6,2,5,2,0
Chris Smalling,29,Premier League,Defender,Manchester United,2128,England,24,1,0,1,0,4,1,0
Lee Grant,36,Premier League,Goalkeeper,Manchester United,0,England,0,0,0,0,0,0,0,0
Ashley Young,34,Premier League,Midfielder,Manchester United,2568,England,30,2,1,1,2,4,10,1
Kasper Schmeichel,32,Premier League,Goalkeeper,Leicester City,3420,Denmark,38,0,0,0,0,10,3,0
Wes Morgan,35,Premier League,Defender,Leicester City,1926,Jamaica,22,3,1,2,0,6,5,2
Harry Maguire,26,Premier League,Defender,Leicester City,2599,England,31,3,0,3,0,7,7,1
Ricardo Domingos Barbosa Pereira,26,Premier League,Defender,Leicester City,3125,Portugal,35,2,2,0,6,10,7,0
Ben Chilwell,22,Premier League,Defender,Leicester City,3240,England,36,0,0,0,4,10,4,0
Adrien Sebastian Perruchet Silva,30,Premier League,Midfielder,Leicester City,88,Portugal,2,0,0,0,0,1,0,0
Daniel Amartey,24,Premier League,Midfielder,Leicester City,640,Ghana,9,0,0,0,0,2,2,0
Onyinye Wilfred Ndidi,22,Premier League,Midfielder,Leicester City,3299,Nigeria,38,2,2,0,0,10,8,0
Demarai Gray,23,Premier League,Midfielder,Leicester City,1992,England,34,4,1,3,1,8,2,0
James Maddison,22,Premier League,Midfielder,Leicester City,2850,England,36,7,3,4,7,8,5,1
Kelechi Iheanacho,23,Premier League,Forward,Leicester City,926,Nigeria,30,1,1,0,3,6,2,0
Jamie Vardy,32,Premier League,Forward,Leicester City,2735,England,34,18,8,10,4,10,4,1
Rachid Ghezzal,27,Premier League,Forward,Leicester City,738,Algeria,19,1,1,0,0,3,3,0
Vicente Iborra De La Fuente,31,Premier League,Midfielder,Leicester City,226,Spain,8,0,0,0,0,3,0,0
Jonny Evans,31,Premier League,Defender,Leicester City,1995,Northern Ireland,24,1,1,0,0,8,2,0
Marc Albrighton,29,Premier League,Midfielder,Leicester City,1626,England,27,2,1,1,2,9,3,0
Danny Ward,26,Premier League,Goalkeeper,Leicester City,0,Wales,0,0,0,0,0,0,0,0
Christian Fuchs,33,Premier League,Defender,Leicester City,206,Austria,3,0,0,0,0,0,0,0
Martin Dúbravka,30,Premier League,Goalkeeper,Newcastle United,3420,Slovakia,38,0,0,0,0,11,1,0
Ciaran Clark,30,Premier League,Defender,Newcastle United,857,Republic of Ireland,11,3,1,2,0,2,1,0
Jamal Lascelles,25,Premier League,Defender,Newcastle United,2748,England,32,0,0,0,1,11,4,0
Paul Dummett,28,Premier League,Defender,Newcastle United,1986,Wales,26,0,0,0,0,9,1,0
DeAndre Yedlin,26,Premier League,Defender,Newcastle United,2475,USA,29,1,0,1,2,6,7,1
Jonjo Shelvey,27,Premier League,Midfielder,Newcastle United,944,England,16,1,0,1,1,5,1,0
Mohamed Diamé,32,Premier League,Midfielder,Newcastle United,2165,Senegal,29,0,0,0,0,9,3,0
Matt Ritchie,30,Premier League,Midfielder,Newcastle United,2940,Scotland,36,2,1,1,8,11,9,0
Robert Kenedy Nunes do Nascimento,23,Premier League,Midfielder,Newcastle United,1344,Brazil,25,1,0,1,1,8,1,0
José Luis Sanmartín Mato,29,Premier League,Forward,Newcastle United,586,Spain,16,2,2,0,0,4,1,0
Ayoze Perez,26,Premier League,Forward,Newcastle United,2929,Spain,37,12,9,3,2,11,2,0
Rondon,30,Premier League,Forward,Newcastle United,2609,Venezuela,32,11,6,5,7,10,1,0
Christian Atsu Twasam,27,Premier League,Midfielder,Newcastle United,1487,Ghana,28,1,1,0,0,8,2,0
Yoshinori Muto,27,Premier League,Forward,Newcastle United,516,Japan,17,1,0,1,0,5,1,0
Sung-Yeung Ki,30,Premier League,Midfielder,Newcastle United,1302,South Korea,18,0,0,0,1,5,2,0
Fabian Schär,27,Premier League,Defender,Newcastle United,2002,Switzerland,24,4,3,1,1,8,12,0
Javier Manquillo Gaitán,25,Premier League,Defender,Newcastle United,1097,Spain,18,0,0,0,3,6,2,0
Karl Darlow,29,Premier League,Goalkeeper,Newcastle United,0,England,0,0,0,0,0,0,0,0
Hugo Lloris,32,Premier League,Goalkeeper,Tottenham Hotspur,2970,France,33,0,0,0,0,12,0,0
Jan Vertonghen,32,Premier League,Defender,Tottenham Hotspur,1915,Belgium,22,1,0,1,0,7,5,1
Serge Aurier,26,Premier League,Defender,Tottenham Hotspur,564,Côte d'Ivoire,8,0,0,0,2,3,1,0
Ben Davies,26,Premier League,Defender,Tottenham Hotspur,1839,Wales,27,0,0,0,0,10,2,0
Davinson Sánchez Mina,23,Premier League,Defender,Tottenham Hotspur,1943,Colombia,23,1,1,0,1,6,2,0
Moussa Sissoko,30,Premier League,Midfielder,Tottenham Hotspur,2336,France,29,0,0,0,3,11,2,0
Christian Eriksen,27,Premier League,Midfielder,Tottenham Hotspur,2772,Denmark,35,8,6,2,12,10,3,0
Lucas Rodrigues Moura da Silva,27,Premier League,Midfielder,Tottenham Hotspur,2127,Brazil,32,10,6,4,0,12,3,0
Dele Alli,23,Premier League,Midfielder,Tottenham Hotspur,1827,England,25,5,1,4,3,7,4,0
Eric Dier,25,Premier League,Midfielder,Tottenham Hotspur,1510,England,20,3,2,1,0,6,4,0
Harry Kane,26,Premier League,Forward,Tottenham Hotspur,2427,England,28,17,6,11,4,10,5,0
Moussa Dembele,32,Premier League,Midfielder,Tottenham Hotspur,516,Belgium,10,0,0,0,0,3,1,0
Heung-Min Son,27,Premier League,Forward,Tottenham Hotspur,2048,South Korea,31,12,8,4,6,11,3,1
Luke Amos,22,Premier League,Midfielder,Tottenham Hotspur,2,England,1,0,0,0,0,0,0,0
Toby Alderweireld,30,Premier League,Defender,Tottenham Hotspur,2924,Belgium,34,0,0,0,0,12,3,0
Michel Vorm,36,Premier League,Goalkeeper,Tottenham Hotspur,180,Netherlands,2,0,0,0,0,0,0,0
Kyle Walker-Peters,22,Premier League,Defender,Tottenham Hotspur,374,England,6,0,0,0,3,3,1,0
Fernando Llorente Torres,34,Premier League,Forward,Tottenham Hotspur,683,Spain,20,1,1,0,4,7,2,0
Asmir Begović,32,Premier League,Goalkeeper,AFC Bournemouth,2160,Bosnia and Herzegovina,24,0,0,0,0,5,0,0
Charlie Daniels,33,Premier League,Defender,AFC Bournemouth,1583,England,21,1,1,0,0,6,4,0
Adam Smith,28,Premier League,Defender,AFC Bournemouth,2073,England,25,1,1,0,1,9,6,1
Steve Cook,28,Premier League,Defender,AFC Bournemouth,2787,England,31,1,0,1,1,9,3,0
Nathan Aké,24,Premier League,Defender,AFC Bournemouth,3412,Netherlands,38,4,3,1,0,10,3,0
Andrew Surman,33,Premier League,Midfielder,AFC Bournemouth,1438,England,18,0,0,0,0,5,2,0
Dan Gosling,29,Premier League,Midfielder,AFC Bournemouth,1737,England,25,2,0,2,1,7,8,0
Ryan Fraser,25,Premier League,Midfielder,AFC Bournemouth,3173,Scotland,38,7,5,2,13,10,2,0
David Brooks,22,Premier League,Forward,AFC Bournemouth,2278,England,30,7,4,3,5,9,3,0
Callum Wilson,27,Premier League,Forward,AFC Bournemouth,2535,England,30,14,5,9,9,9,3,0
Joshua King,27,Premier League,Forward,AFC Bournemouth,2974,Norway,35,12,9,3,3,9,3,0
Simon Francis,34,Premier League,Defender,AFC Bournemouth,1226,England,17,0,0,0,2,5,1,0
Lys Mousset,23,Premier League,Forward,AFC Bournemouth,345,France,24,1,0,1,0,5,1,0
Jermain Defoe,37,Premier League,Forward,AFC Bournemouth,21,England,4,0,0,0,0,2,0,0
Artur Boruc,39,Premier League,Goalkeeper,AFC Bournemouth,1080,Poland,12,0,0,0,0,4,2,0
Jordon Ibe,23,Premier League,Midfielder,AFC Bournemouth,795,England,19,1,0,1,1,4,1,0
Lewis Cook,22,Premier League,Midfielder,AFC Bournemouth,721,England,13,0,0,0,0,3,2,0
Tyrone Mings,26,Premier League,Defender,AFC Bournemouth,141,England,5,0,0,0,0,0,0,0
Neil Leonard Dula Etheridge,29,Premier League,Goalkeeper,Cardiff City,3420,Philippines,38,0,0,0,0,10,2,0
Lee Peltier,32,Premier League,Defender,Cardiff City,1542,England,20,0,0,0,0,6,4,0
Bruno Écuélé Manga,31,Premier League,Defender,Cardiff City,3375,Gabon,38,0,0,0,1,10,0,0
Souleymane Bamba,34,Premier League,Defender,Cardiff City,2475,Côte d'Ivoire,28,4,2,2,1,7,7,0
Sean Morrison,28,Premier League,Defender,Cardiff City,3040,England,34,1,0,1,3,9,6,0
Joe Bennett,29,Premier League,Defender,Cardiff City,2641,England,30,0,0,0,1,9,5,0
Callum Paterson,25,Premier League,Defender,Cardiff City,1996,Scotland,27,4,3,1,1,7,4,0
Bobby Reid,26,Premier League,Midfielder,Cardiff City,1422,England,27,5,4,1,2,6,0,0
Joe Ralls,26,Premier League,Midfielder,Cardiff City,1959,England,28,0,0,0,0,8,5,1
David Junior Hoilett,29,Premier League,Forward,Cardiff City,2142,Canada,32,3,2,1,1,9,4,0
Nathaniel Mendez-Laing,27,Premier League,Midfielder,Cardiff City,984,England,20,4,0,4,1,6,0,0
Danny Ward,28,Premier League,Forward,Cardiff City,440,England,14,1,1,0,0,2,0,0
Josh Murphy,24,Premier League,Forward,Cardiff City,1825,England,29,3,2,1,2,7,2,0
Gary Madine,29,Premier League,Forward,Cardiff City,32,England,5,0,0,0,0,0,0,0
Alex Smithies,29,Premier League,Goalkeeper,Cardiff City,0,England,0,0,0,0,0,0,0,0
Víctor Camarasa,25,Premier League,Midfielder,Cardiff City,2579,Spain,32,5,4,1,4,8,6,0
Greg Cunningham,28,Premier League,Defender,Cardiff City,630,Republic of Ireland,7,0,0,0,0,1,3,0
Jazz Richards,28,Premier League,Defender,Cardiff City,128,Wales,4,0,0,0,0,1,0,0
Fabricio Martín Agosto Ramírez,31,Premier League,Goalkeeper,Fulham,180,Spain,2,0,0,0,0,0,0,0
Maxime Le Marchand,30,Premier League,Defender,Fulham,2251,France,26,0,0,0,1,4,5,0
Cyrus Christie,27,Premier League,Defender,Fulham,1943,Republic of Ireland,28,0,0,0,1,5,7,0
Joe Bryan,26,Premier League,Defender,Fulham,2350,England,28,0,0,0,1,5,5,0
Calum Chambers,24,Premier League,Defender,Fulham,2587,England,31,2,2,0,0,5,9,0
Kevin McDonald,30,Premier League,Midfielder,Fulham,842,Scotland,15,0,0,0,0,0,6,1
André Schürrle,28,Premier League,Midfielder,Fulham,1650,Germany,24,6,3,3,0,1,2,0
Tom Cairney,28,Premier League,Midfielder,Fulham,2198,Scotland,31,1,1,0,1,4,0,0
Jean Michaël Seri,28,Premier League,Midfielder,Fulham,2252,Côte d'Ivoire,32,1,1,0,2,4,6,0
Ryan Sessegnon,19,Premier League,Defender,Fulham,2298,England,35,2,1,1,6,4,0,0
Aleksandar Mitrović,25,Premier League,Forward,Fulham,3282,Serbia,37,11,8,3,3,5,7,0
Aboubakar Kamara,24,Premier League,Forward,Fulham,687,France,13,3,1,2,0,2,2,0
Luciano Vietto,25,Premier League,Forward,Fulham,983,Argentina,20,1,1,0,4,1,1,0
Stefan Marius Johansen,28,Premier League,Midfielder,Fulham,412,Norway,12,0,0,0,0,0,4,0
Neeskens Kebano,27,Premier League,Midfielder,Fulham,103,Congo DR,7,0,0,0,0,0,0,0
Timothy Fosu-Mensah,21,Premier League,Defender,Fulham,795,Netherlands,12,0,0,0,0,1,3,0
Sergio Rico,26,Premier League,Goalkeeper,Fulham,2610,Spain,29,0,0,0,0,5,1,0
Ibrahima Cissé,25,Premier League,Midfielder,Fulham,87,Belgium,3,0,0,0,0,0,0,0
Wayne Hennessey,32,Premier League,Goalkeeper,Crystal Palace,1575,Wales,18,0,0,0,0,5,0,0
Mamadou Sakho,29,Premier League,Defender,Crystal Palace,2417,France,27,0,0,0,0,9,2,0
James Tomkins,30,Premier League,Defender,Crystal Palace,2563,England,29,1,0,1,1,10,6,0
Patrick van Aanholt,29,Premier League,Defender,Crystal Palace,3198,Netherlands,36,3,2,1,2,12,3,0
Jeffrey Schlupp,26,Premier League,Defender,Crystal Palace,1665,Ghana,30,4,1,3,1,8,1,0
Aaron Wan-Bissaka,21,Premier League,Midfielder,Crystal Palace,3135,England,35,0,0,0,3,12,5,1
James McArthur,32,Premier League,Midfielder,Crystal Palace,3071,Scotland,38,3,1,2,6,12,7,0
Andros Townsend,28,Premier League,Midfielder,Crystal Palace,3018,England,38,6,2,4,4,12,1,0
Luka Milivojević,28,Premier League,Midfielder,Crystal Palace,3420,Serbia,38,12,7,5,2,12,10,0
Christian Benteke,28,Premier League,Forward,Crystal Palace,813,Belgium,16,1,0,1,1,5,1,0
Wilfried Zaha,26,Premier League,Midfielder,Crystal Palace,3041,Côte d'Ivoire,34,10,1,9,5,10,10,1
Alexander Sørloth,23,Premier League,Forward,Crystal Palace,173,Norway,12,0,0,0,0,4,0,0
Cheikhou Kouyaté,29,Premier League,Midfielder,Crystal Palace,1897,Senegal,31,0,0,0,2,11,3,0
Pape N'Diaye Souaré,29,Premier League,Defender,Crystal Palace,0,Senegal,1,0,0,0,0,1,0,0
Joel Ward,29,Premier League,Defender,Crystal Palace,551,England,7,1,1,0,0,0,1,0
Vicente Guaita,32,Premier League,Goalkeeper,Crystal Palace,1755,Spain,20,0,0,0,0,7,2,0
Martin Kelly,29,Premier League,Defender,Crystal Palace,1110,England,13,0,0,0,0,3,2,0
Jaïro Riedewald,23,Premier League,Defender,Crystal Palace,0,Netherlands,0,0,0,0,0,0,0,0
Ben Hamer,31,Premier League,Goalkeeper,Huddersfield Town,553,England,7,0,0,0,0,1,0,0
Mathias Jattah-Njie Jørgensen,29,Premier League,Defender,Huddersfield Town,2148,Denmark,24,3,1,2,1,3,6,0
Chris Löwe,30,Premier League,Defender,Huddersfield Town,2057,Germany,29,0,0,0,2,1,2,0
Christopher Schindler,29,Premier League,Defender,Huddersfield Town,3262,Germany,37,1,0,1,0,5,6,1
Terence Kongolo,25,Premier League,Defender,Huddersfield Town,2722,Netherlands,32,1,0,1,1,4,4,0
Florent Hadergjonaj,25,Premier League,Defender,Huddersfield Town,1840,Switzerland,24,0,0,0,0,4,1,0
Jonathan Hogg,30,Premier League,Midfielder,Huddersfield Town,2377,England,29,0,0,0,1,5,9,1
Aaron Mooy,29,Premier League,Midfielder,Huddersfield Town,2327,Australia,29,3,1,2,1,4,4,0
Alex Pritchard,26,Premier League,Midfielder,Huddersfield Town,2092,England,30,2,1,1,0,4,2,0
Philip Billing,23,Premier League,Midfielder,Huddersfield Town,2192,Denmark,27,2,1,1,0,5,7,0
Steve Mounié,25,Premier League,Forward,Huddersfield Town,1777,Benin,31,2,2,0,3,5,2,1
Laurent Depoitre,30,Premier League,Forward,Huddersfield Town,1059,Belgium,23,0,0,0,1,3,1,0
Adama Diakhaby,23,Premier League,Forward,Huddersfield Town,551,France,12,0,0,0,0,1,1,0
Jonas Lössl,30,Premier League,Goalkeeper,Huddersfield Town,2777,Denmark,31,0,0,0,1,5,1,0
Tom Smith,27,Premier League,Defender,Huddersfield Town,1141,England,15,0,0,0,0,1,3,1
Ramadan Sobhi,22,Premier League,Forward,Huddersfield Town,75,Egypt,4,0,0,0,0,0,0,0
Rajiv van La Parra,28,Premier League,Midfielder,Huddersfield Town,407,Netherlands,5,0,0,0,0,1,0,0
Jon Gorenc Stankovič,23,Premier League,Defender,Huddersfield Town,718,Slovenia,11,1,0,1,0,2,2,0
Kepa Arrizabalaga,25,Premier League,Goalkeeper,Chelsea,3240,Spain,36,0,0,0,0,14,2,0
David Luiz,32,Premier League,Defender,Chelsea,3239,Brazil,36,3,3,0,2,16,3,0
Cesar Azpilicueta,30,Premier League,Defender,Chelsea,3403,Spain,38,1,0,1,5,16,4,0
Marcos Alonso,28,Premier League,Defender,Chelsea,2761,Spain,31,2,1,1,4,14,6,0
Antonio Rüdiger,26,Premier League,Defender,Chelsea,2874,Germany,33,1,1,0,0,12,7,0
Ross Barkley,25,Premier League,Midfielder,Chelsea,1241,England,27,3,1,2,5,11,1,0
Jorginho,27,Premier League,Midfielder,Chelsea,3165,Italy,37,2,0,2,0,16,8,0
N'Golo Kanté,28,Premier League,Midfielder,Chelsea,3096,France,36,4,2,2,4,15,3,0
Willian,31,Premier League,Forward,Chelsea,2108,Brazil,32,3,2,1,6,13,2,0
Pedro Rodriguez,32,Premier League,Midfielder,Chelsea,1780,Spain,31,8,6,2,2,11,2,0
Alvaro Morata,27,Premier League,Forward,Chelsea,943,Spain,16,5,3,2,0,9,3,0
Ruben Loftus-Cheek,23,Premier League,Midfielder,Chelsea,983,England,24,6,3,3,2,12,0,0
Eden Hazard,28,Premier League,Midfielder,Chelsea,2926,Belgium,37,16,11,5,15,15,2,0
Victor Moses,28,Premier League,Midfielder,Chelsea,26,Nigeria,2,0,0,0,0,1,0,0
Wilfredo Daniel Caballero,38,Premier League,Goalkeeper,Chelsea,180,Argentina,2,0,0,0,0,2,0,0
Olivier Giroud,33,Premier League,Forward,Chelsea,832,France,27,2,1,1,4,12,1,0
Davide Zappacosta,27,Premier League,Defender,Chelsea,125,Italy,4,0,0,0,0,3,0,0
Andreas Christensen,23,Premier League,Defender,Chelsea,615,Denmark,8,0,0,0,0,3,1,0
Ben Foster,36,Premier League,Goalkeeper,Watford,3420,England,38,0,0,0,0,7,1,0
José Holebas,35,Premier League,Defender,Watford,2394,Greece,28,3,2,1,6,5,13,1
Craig Cathcart,30,Premier League,Defender,Watford,3099,Northern Ireland,36,3,1,2,0,6,2,0
Christian Kabasele,28,Premier League,Defender,Watford,1587,Belgium,21,0,0,0,0,4,4,1
Daryl Janmaat,30,Premier League,Defender,Watford,1521,Netherlands,18,0,0,0,2,3,3,0
Etienne Capoue,31,Premier League,Midfielder,Watford,2947,France,33,1,0,1,3,7,15,1
Roberto Maximiliano Pereyra,28,Premier League,Forward,Watford,2825,Argentina,33,6,5,1,1,5,3,0
Abdoulaye Doucouré,26,Premier League,Midfielder,Watford,3062,France,35,5,3,2,6,5,7,0
Will Hughes,24,Premier League,Midfielder,Watford,2436,England,32,2,1,1,4,5,5,0
Troy Deeney,31,Premier League,Forward,Watford,2548,England,32,9,3,6,5,5,5,1
Andre Gray,28,Premier League,Forward,Watford,1358,England,29,7,5,2,2,5,2,0
Isaac Ajayi Success,23,Premier League,Forward,Watford,1037,Nigeria,30,1,1,0,1,5,4,0
Ken Sema,26,Premier League,Midfielder,Watford,755,Sweden,17,1,0,1,2,6,1,0
Francisco Femenía Far,28,Premier League,Midfielder,Watford,2045,Spain,29,1,1,0,1,5,1,0
Heurelho da Silva Gomes,38,Premier League,Goalkeeper,Watford,0,Brazil,0,0,0,0,0,0,0,0
Sebastian Prödl,32,Premier League,Defender,Watford,13,Austria,1,0,0,0,0,1,0,0
Adrian Mariappa,33,Premier League,Defender,Watford,1921,Jamaica,26,0,0,0,0,6,3,0
Adam Masina,25,Premier League,Defender,Watford,1003,Italy,14,0,0,0,1,2,5,0
Mathew Ryan,27,Premier League,Goalkeeper,Brighton & Hove Albion,3060,Australia,34,0,0,0,0,6,2,0
Bruno Saltor Grau,39,Premier League,Defender,Brighton & Hove Albion,1136,Spain,14,0,0,0,1,4,2,0
Shane Duffy,27,Premier League,Defender,Brighton & Hove Albion,3088,Republic of Ireland,35,5,2,3,1,7,5,1
Lewis Dunk,27,Premier League,Defender,Brighton & Hove Albion,3153,England,36,2,0,2,1,7,7,1
Bernardo,24,Premier League,Defender,Brighton & Hove Albion,1750,Brazil,22,0,0,0,1,4,4,0
Dale Stephens,30,Premier League,Midfielder,Brighton & Hove Albion,2487,England,30,1,0,1,1,5,7,1
Pascal Groß,28,Premier League,Midfielder,Brighton & Hove Albion,1878,Germany,25,3,2,1,3,3,1,0
Davy Pröpper,28,Premier League,Midfielder,Brighton & Hove Albion,2551,Netherlands,30,1,0,1,1,5,2,0
Anthony Knockaert,27,Premier League,Midfielder,Brighton & Hove Albion,1832,France,30,2,1,1,6,3,5,1
Solomon March,25,Premier League,Midfielder,Brighton & Hove Albion,2473,England,35,1,1,0,5,6,1,0
Glenn Murray,36,Premier League,Forward,Brighton & Hove Albion,2514,England,38,13,8,5,1,7,5,0
Gaëtan Bong Songo,31,Premier League,Defender,Brighton & Hove Albion,1805,Cameroon,22,0,0,0,0,5,0,0
Yves Bissouma,23,Premier League,Midfielder,Brighton & Hove Albion,1769,Mali,28,0,0,0,0,5,5,0
Alireza Jahanbakhsh,26,Premier League,Forward,Brighton & Hove Albion,1022,Iran,19,0,0,0,0,4,2,0
Beram Kayal,31,Premier League,Midfielder,Brighton & Hove Albion,933,Israel,18,1,0,1,1,5,4,0
Jürgen Locadia,25,Premier League,Forward,Brighton & Hove Albion,1227,Netherlands,26,2,2,0,0,4,1,0
Leon Balogun,31,Premier League,Defender,Brighton & Hove Albion,591,Nigeria,8,1,1,0,0,0,2,0
David Button,30,Premier League,Goalkeeper,Brighton & Hove Albion,360,England,4,0,0,0,0,1,0,0
Rui Pedro dos Santos Patrício,31,Premier League,Goalkeeper,Wolverhampton Wanderers,3330,Portugal,37,0,0,0,0,8,0,0
Ryan Bennett,29,Premier League,Defender,Wolverhampton Wanderers,3060,England,34,1,1,0,0,9,12,0
Willy Boly,28,Premier League,Defender,Wolverhampton Wanderers,3169,France,36,4,2,2,0,8,3,1
Matt Doherty,27,Premier League,Defender,Wolverhampton Wanderers,3147,Republic of Ireland,38,4,1,3,5,9,5,0
Conor Coady,26,Premier League,Midfielder,Wolverhampton Wanderers,3420,England,38,0,0,0,0,9,5,0
Jonny,25,Premier League,Defender,Wolverhampton Wanderers,2780,Spain,33,1,1,0,1,8,6,0
João Moutinho,33,Premier League,Midfielder,Wolverhampton Wanderers,3040,Portugal,38,1,0,1,8,9,4,0
Rúben Diogo Da Silva Neves,22,Premier League,Midfielder,Wolverhampton Wanderers,3009,Portugal,35,4,3,1,3,8,8,0
Diogo José Teixeira da Silva,22,Premier League,Midfielder,Wolverhampton Wanderers,2371,Portugal,33,9,7,2,5,9,11,0
Hélder Wander Sousa Azevedo Costa,25,Premier League,Midfielder,Wolverhampton Wanderers,1345,Portugal,25,1,0,1,2,5,3,0
Raúl Alonso Jiménez Rodríguez,28,Premier League,Forward,Wolverhampton Wanderers,3125,Mexico,38,13,8,5,7,9,4,0
Leonardo Bonatini Lohner Maia,25,Premier League,Forward,Wolverhampton Wanderers,128,Brazil,7,0,0,0,1,3,0,0
Rúben Gonçalo Silva Nascimento Vinagre,20,Premier League,Defender,Wolverhampton Wanderers,703,Portugal,17,0,0,0,0,5,1,0
Morgan Gibbs-White,19,Premier League,Midfielder,Wolverhampton Wanderers,647,England,26,0,0,0,1,5,1,0
Bright Enobakhare,21,Premier League,Forward,Wolverhampton Wanderers,0,England,0,0,0,0,0,0,0,0
John Ruddy,32,Premier League,Goalkeeper,Wolverhampton Wanderers,90,England,1,0,0,0,0,1,0,0
Romain Saïss,29,Premier League,Midfielder,Wolverhampton Wanderers,1144,Morocco,19,2,1,1,0,4,7,0
Kortney Hause,24,Premier League,Defender,Wolverhampton Wanderers,0,England,0,0,0,0,0,0,0,0
Jordan Pickford,25,Premier League,Goalkeeper,Everton,3420,England,38,0,0,0,0,14,1,0
Phil Jagielka,37,Premier League,Defender,Everton,329,England,7,1,1,0,0,5,1,1
Leighton Baines,34,Premier League,Defender,Everton,376,England,6,0,0,0,0,1,0,0
Séamus Coleman,31,Premier League,Defender,Everton,2560,Republic of Ireland,29,2,2,0,2,13,1,0
Michael Keane,26,Premier League,Defender,Everton,2970,England,33,1,0,1,2,13,2,0
Morgan Schneiderlin,29,Premier League,Midfielder,Everton,833,France,14,0,0,0,1,7,2,0
Gylfi Sigurdsson,30,Premier League,Midfielder,Everton,3134,Iceland,38,13,7,6,6,14,3,0
Idrissa Gana Gueye,30,Premier League,Midfielder,Everton,2825,Senegal,33,0,0,0,2,13,6,0
Theo Walcott,30,Premier League,Forward,Everton,2122,England,37,5,3,2,2,13,1,0
Cenk Tosun,28,Premier League,Forward,Everton,1050,Turkey,25,3,2,1,3,7,3,0
Richarlison de Andrade,22,Premier League,Forward,Everton,2679,Brazil,35,13,7,6,1,14,6,1
Mason Holgate,23,Premier League,Defender,Everton,407,England,5,0,0,0,0,0,1,0
Oumar Niasse,29,Premier League,Forward,Cardiff City,998,Senegal,18,0,0,0,0,3,0,0
Lucas Digne,26,Premier League,Defender,Everton,2990,France,35,4,2,2,4,14,6,1
Sandro Ramirez,24,Premier League,Forward,Everton,0,Spain,0,0,0,0,0,0,0,0
Maarten Stekelenburg,37,Premier League,Goalkeeper,Everton,0,Netherlands,0,0,0,0,0,0,0,0
Tom Davies,21,Premier League,Midfielder,Everton,975,England,16,0,0,0,0,5,3,0
Dominic Calvert-Lewin,22,Premier League,Forward,Everton,1774,England,35,6,3,3,2,13,3,0
Alisson Becker,27,Premier League,Goalkeeper,Liverpool,3420,Brazil,38,0,0,0,0,21,1,0
Virgil van Dijk,28,Premier League,Defender,Liverpool,3385,Netherlands,38,4,2,2,2,21,1,0
Andrew Robertson,25,Premier League,Defender,Liverpool,3219,Scotland,36,0,0,0,11,21,4,0
Joe Gomez,22,Premier League,Defender,Liverpool,1060,England,16,0,0,0,0,11,2,0
Trent Alexander-Arnold,21,Premier League,Defender,Liverpool,2467,England,29,1,0,1,12,16,3,0
James Milner,33,Premier League,Midfielder,Liverpool,1785,England,31,5,0,5,4,18,7,1
Georginio Wijnaldum,28,Premier League,Midfielder,Liverpool,2735,Netherlands,35,3,1,2,0,21,3,0
Naby Deco Keïta,24,Premier League,Midfielder,Liverpool,1392,Guinea,25,2,1,1,1,15,0,0
Roberto Firmino,28,Premier League,Forward,Liverpool,2620,Brazil,34,12,7,5,6,18,0,0
Mohamed Salah,27,Premier League,Forward,Liverpool,3262,Egypt,38,22,13,9,8,21,1,0
Sadio Mané,27,Premier League,Forward,Liverpool,3086,Senegal,36,22,18,4,1,20,2,0
Jordan Henderson,29,Premier League,Midfielder,Liverpool,1983,England,32,1,0,1,3,19,3,1
Xherdan Shaqiri,28,Premier League,Midfielder,Liverpool,1058,Switzerland,24,6,5,1,3,12,2,0
Daniel Sturridge,30,Premier League,Forward,Liverpool,496,England,18,2,1,1,1,10,1,0
Loris Karius,26,Premier League,Goalkeeper,Liverpool,0,Germany,0,0,0,0,0,0,0,0
Nathaniel Clyne,28,Premier League,Defender,AFC Bournemouth,1254,England,18,0,0,0,1,6,2,0
Fabinho,26,Premier League,Midfielder,Liverpool,2013,Brazil,28,1,1,0,2,15,6,0
Adam David Lallana,31,Premier League,Midfielder,Liverpool,465,England,13,0,0,0,0,6,1,0
Łukasz Fabiański,34,Premier League,Goalkeeper,West Ham United,3420,Poland,38,0,0,0,0,7,0,0
Angelo Ogbonna,31,Premier League,Defender,West Ham United,1870,Italy,24,1,1,0,1,3,2,0
Arthur Masuaku,25,Premier League,Defender,West Ham United,1700,France,22,0,0,0,1,5,2,0
Ryan Fredericks,27,Premier League,Midfielder,West Ham United,1085,England,15,1,1,0,0,3,5,0
Fabián Cornelio Balbuena González,28,Premier League,Defender,West Ham United,2014,Paraguay,23,1,0,1,0,5,2,0
Mark Noble,32,Premier League,Midfielder,West Ham United,2308,England,31,5,2,3,5,7,7,1
Jack Wilshere,27,Premier League,Midfielder,West Ham United,389,England,8,0,0,0,1,2,2,0
Michail Antonio,29,Premier League,Midfielder,West Ham United,2099,England,33,6,4,2,4,5,3,0
Felipe Anderson Pereira Gomes,26,Premier League,Midfielder,West Ham United,3054,Brazil,36,9,4,5,4,6,3,0
Declan Rice,20,Premier League,Midfielder,West Ham United,3005,Republic of Ireland,34,2,2,0,0,6,4,0
Marko Arnautović,30,Premier League,Forward,West Ham United,2000,Austria,28,10,7,3,4,5,3,0
Robert Snodgrass,32,Premier League,Midfielder,West Ham United,2222,Scotland,33,2,1,1,5,6,10,0
Javier Hernandez,31,Premier League,Forward,West Ham United,1335,Mexico,25,7,5,2,1,3,2,0
Andriy Yarmolenko,30,Premier League,Forward,West Ham United,459,Ukraine,9,2,0,2,0,1,2,0
Pablo Zabaleta,34,Premier League,Defender,West Ham United,2092,Argentina,26,0,0,0,1,4,4,0
Adrián San Miguel del Castillo,32,Premier League,Goalkeeper,West Ham United,0,Spain,0,0,0,0,0,0,0,0
Pedro Obiang,27,Premier League,Midfielder,West Ham United,1121,Equatorial Guinea,24,0,0,0,1,7,0,0
Issa Diop,22,Premier League,Defender,West Ham United,2970,France,33,1,1,0,0,7,4,0
Alex McCarthy,29,Premier League,Goalkeeper,Southampton,2250,England,25,0,0,0,0,4,1,0
Ryan Bertrand,30,Premier League,Defender,Southampton,2160,England,24,1,1,0,0,6,8,0
Cedric Soares,28,Premier League,Defender,Southampton,1494,Portugal,18,1,1,0,2,5,4,0
Jannik Vestergaard,27,Premier League,Defender,Southampton,2030,Denmark,23,0,0,0,0,4,2,0
Jack Stephens,25,Premier League,Defender,Southampton,1697,England,24,1,1,0,0,5,4,0
Wesley Hoedt,25,Premier League,Defender,Southampton,1170,Netherlands,13,0,0,0,0,4,2,0
Oriol Romeu,28,Premier League,Midfielder,Southampton,2140,Spain,31,1,1,0,0,6,11,0
Stuart Armstrong,27,Premier League,Midfielder,Southampton,1432,Scotland,29,3,1,2,2,4,2,0
Nathan Redmond,25,Premier League,Midfielder,Southampton,3276,England,38,6,4,2,4,7,3,0
Mario Lemina,26,Premier League,Midfielder,Southampton,1615,Gabon,21,1,0,1,1,4,5,0
Charlie Austin,30,Premier League,Forward,Southampton,980,England,25,2,1,1,2,6,1,0
Daniel William John Ings,27,Premier League,Forward,Southampton,1668,England,24,7,3,4,3,6,1,0
Mohamed Elyounoussi,25,Premier League,Midfielder,Southampton,790,Norway,16,0,0,0,0,4,0,0
Manolo Gabbiadini,27,Premier League,Forward,Southampton,470,Italy,12,1,1,0,0,3,0,0
James Ward-Prowse,24,Premier League,Midfielder,Southampton,1942,England,26,7,5,2,0,4,4,0
Pierre-Emile Højbjerg,24,Premier League,Midfielder,Southampton,2764,Denmark,31,4,2,2,3,4,10,2
Angus Gunn,23,Premier League,Goalkeeper,Southampton,1080,England,12,0,0,0,0,3,0,0
Jan Bednarek,23,Premier League,Defender,Southampton,2151,Poland,25,0,0,0,1,3,7,0
Joe Hart,32,Premier League,Goalkeeper,Burnley,1710,England,19,0,0,0,0,4,0,0
Stephen Ward,34,Premier League,Defender,Burnley,230,Republic of Ireland,3,0,0,0,0,1,1,0
Matthew Lowton,30,Premier League,Defender,Burnley,1748,England,21,0,0,0,0,4,7,0
Ben Mee,30,Premier League,Defender,Burnley,3420,England,38,0,0,0,2,8,9,0
James Tarkowski,26,Premier League,Defender,Burnley,3087,England,35,3,2,1,1,7,8,0
Aaron Lennon,32,Premier League,Midfielder,Burnley,1217,England,16,1,1,0,1,4,1,0
Jack Cork,30,Premier League,Midfielder,Burnley,3313,England,37,1,1,0,2,8,6,0
Johann Berg Guðmunds­son,28,Premier League,Midfielder,Burnley,1748,Iceland,29,3,0,3,6,6,2,0
Ashley Westwood,29,Premier League,Midfielder,Burnley,2822,England,34,2,0,2,7,7,5,0
Jeff Hendrick,27,Premier League,Midfielder,Burnley,2069,Republic of Ireland,32,2,0,2,0,6,4,0
Chris Wood,27,Premier League,Forward,Burnley,2582,New Zealand,38,10,4,6,2,8,2,0
Sam Vokes,30,Premier League,Forward,Burnley,913,Wales,20,3,2,1,0,4,0,0
Ashley Barnes,29,Premier League,Forward,Burnley,2400,Austria,37,12,6,6,2,8,8,0
Charlie Taylor,26,Premier League,Defender,Burnley,3240,England,38,0,0,0,1,8,2,0
Tom Heaton,33,Premier League,Goalkeeper,Burnley,1710,England,19,0,0,0,0,4,3,0
Ben Gibson,26,Premier League,Defender,Burnley,63,England,1,1,1,0,0,0,1,0
Jonathan Walters,36,Premier League,Forward,Burnley,0,Republic of Ireland,0,0,0,0,0,0,0,0
Phil Bardsley,34,Premier League,Defender,Burnley,1672,Scotland,19,0,0,0,0,4,9,0
Petr Čech,37,Premier League,Goalkeeper,Arsenal,585,Czech Republic,7,0,0,0,0,2,0,0
Sokratis Papastathopoulos,31,Premier League,Defender,Arsenal,2199,Greece,25,1,0,1,2,6,12,0
Shkodran Mustafi,27,Premier League,Defender,Arsenal,2617,Germany,31,2,0,2,0,6,9,0
Hector Bellerin,24,Premier League,Defender,Arsenal,1535,Spain,19,0,0,0,5,4,3,0
Mesut Özil,31,Premier League,Midfielder,Arsenal,1741,Germany,24,5,4,1,2,6,2,0
Henrikh Mkhitaryan,30,Premier League,Midfielder,Arsenal,1643,Armenia,25,6,3,3,4,4,1,0
Aaron Ramsey,28,Premier League,Midfielder,Arsenal,1327,Wales,28,4,2,2,6,7,0,0
Granit Xhaka,27,Premier League,Midfielder,Arsenal,2502,Switzerland,29,4,2,2,2,7,10,0
Ainsley Maitland-Niles,22,Premier League,Midfielder,Arsenal,985,England,16,1,0,1,1,4,3,1
Mattéo Guendouzi Olié,20,Premier League,Midfielder,Arsenal,2143,France,33,0,0,0,0,4,9,0
Pierre-Emerick Aubameyang,30,Premier League,Forward,Arsenal,2731,Gabon,36,22,13,9,5,8,0,0
Stephan Lichtsteiner,35,Premier League,Defender,Arsenal,940,Switzerland,14,0,0,0,0,2,3,0
Alexandre Lacazette,28,Premier League,Forward,Arsenal,2503,France,35,13,9,4,8,7,2,0
Lucas Torreira,23,Premier League,Midfielder,Arsenal,2377,Uruguay,34,2,2,0,2,6,8,1
Mohamed Elneny,27,Premier League,Midfielder,Arsenal,381,Egypt,8,0,0,0,0,2,0,0
Rob Holding,24,Premier League,Defender,Arsenal,807,England,10,0,0,0,0,2,1,0
Alex Iwobi,23,Premier League,Forward,Arsenal,1972,Nigeria,35,3,1,2,6,8,0,0
Bernd Leno,27,Premier League,Goalkeeper,Arsenal,2835,Germany,32,0,0,0,0,7,0,0
Ederson,26,Premier League,Goalkeeper,Manchester City,3420,Brazil,38,0,0,0,1,20,2,0
Kyle Walker,29,Premier League,Defender,Manchester City,2777,England,33,1,1,0,1,18,3,0
Benjamin Mendy,25,Premier League,Defender,Manchester City,900,France,10,0,0,0,5,4,1,0
Aymeric Laporte,25,Premier League,Defender,Manchester City,3057,France,35,3,0,3,3,18,3,0
John Stones,25,Premier League,Defender,Manchester City,1762,England,24,0,0,0,0,13,1,0
Fernando Luiz Rosa,34,Premier League,Midfielder,Manchester City,2381,Brazil,29,1,1,0,3,16,5,0
İlkay Gündoğan,29,Premier League,Midfielder,Manchester City,2135,Germany,31,6,4,2,3,15,3,0
Riyad Mahrez,28,Premier League,Midfielder,Manchester City,1339,Algeria,27,7,1,6,4,13,0,0
Bernardo Silva,25,Premier League,Midfielder,Manchester City,2853,Portugal,36,7,2,5,7,18,3,0
Sergio Aguero,31,Premier League,Forward,Manchester City,2480,Argentina,33,21,15,6,8,19,4,0
Raheem Sterling,24,Premier League,Forward,Manchester City,2777,England,34,17,12,5,10,18,3,0
Kevin De Bruyne,28,Premier League,Midfielder,Manchester City,974,Belgium,19,2,2,0,2,12,2,0
Gabriel Jesus,22,Premier League,Forward,Manchester City,1019,Brazil,29,7,5,2,3,16,1,0
Leroy Sané,23,Premier League,Midfielder,Manchester City,1867,Germany,31,10,5,5,10,16,1,0
Claudio Andrés Bravo Muñoz,36,Premier League,Goalkeeper,Manchester City,0,Chile,0,0,0,0,0,0,0,0
Vincent Kompany,33,Premier League,Defender,Manchester City,1223,Belgium,17,1,1,0,0,7,6,0
Nicolas Otamendi,31,Premier League,Defender,Manchester City,1233,Argentina,18,0,0,0,0,10,1,0
Philip Foden,19,Premier League,Midfielder,Manchester City,327,England,13,1,1,0,0,8,0,0
Harry Arter,29,Premier League,Midfielder,Cardiff City,2008,Republic of Ireland,25,0,0,0,1,7,10,0
Kenneth Dahrup Zohorè,25,Premier League,Forward,Cardiff City,746,Denmark,19,1,0,1,1,5,1,0
Isaac Hayden,24,Premier League,Midfielder,Newcastle United,1886,England,25,1,0,1,4,7,4,1
Jacob Murphy,24,Premier League,Midfielder,Newcastle United,300,England,9,0,0,0,1,1,0,0
Federico Fernández,30,Premier League,Defender,Newcastle United,1484,Argentina,19,0,0,0,1,4,2,0
Carlos Sánchez,33,Premier League,Midfielder,West Ham United,240,Colombia,7,0,0,0,0,2,0,0
Lucas Perez,31,Premier League,Forward,West Ham United,468,Spain,15,3,3,0,0,3,0,0
Aaron Cresswell,29,Premier League,Defender,West Ham United,1645,England,20,0,0,0,1,3,1,0
Kurt Zouma,25,Premier League,Defender,Everton,2610,France,32,2,1,1,2,11,5,1
Ademola Lookman,22,Premier League,Forward,Everton,601,England,21,0,0,0,2,8,0,0
Jonjoe Kenny,22,Premier League,Defender,Everton,790,England,10,0,0,0,1,2,1,0
Shane Long,32,Premier League,Forward,Southampton,1269,Republic of Ireland,26,5,3,2,1,5,3,0
Maya Yoshida,31,Premier League,Defender,Southampton,1520,Japan,17,0,0,0,1,3,0,0
Matt Targett,24,Premier League,Defender,Southampton,1185,England,16,1,1,0,3,1,2,0
Nampalys Mendy,27,Premier League,Midfielder,Leicester City,2088,France,31,0,0,0,0,9,5,0
Adama Traoré Diarra,23,Premier League,Midfielder,Wolverhampton Wanderers,890,Spain,29,1,0,1,1,6,1,0
Kieran Trippier,29,Premier League,Defender,Tottenham Hotspur,2278,England,27,1,1,0,3,10,2,0
Erik Lamela,27,Premier League,Midfielder,Tottenham Hotspur,971,Argentina,19,4,1,3,2,5,2,0
Harry Winks,23,Premier League,Midfielder,Tottenham Hotspur,1591,England,26,1,0,1,0,10,4,0
Danny Rose,29,Premier League,Defender,Tottenham Hotspur,1806,England,26,0,0,0,3,10,5,0
André-Frank Zambo Anguissa,23,Premier League,Midfielder,Fulham,1518,Cameroon,22,0,0,0,0,3,3,1
Mateo Kovačić,25,Premier League,Midfielder,Chelsea,1743,Croatia,32,0,0,0,2,12,3,0
Nacho Monreal,33,Premier League,Defender,Arsenal,1861,Spain,22,1,1,0,3,6,5,0
Danny Welbeck,28,Premier League,Forward,Arsenal,147,England,8,1,1,0,1,2,0,0
David Silva,33,Premier League,Midfielder,Manchester City,2411,Spain,33,6,4,2,8,17,2,0
Abdelhamid Sabiri,22,Premier League,Midfielder,Huddersfield Town,49,Morocco,2,0,0,0,0,0,0,0
Isaac Mbenza,23,Premier League,Forward,Huddersfield Town,981,Belgium,22,1,1,0,1,4,1,0
Daniel Williams,30,Premier League,Midfielder,Huddersfield Town,93,USA,5,0,0,0,0,1,1,0
Kevin Long,29,Premier League,Defender,Burnley,513,Republic of Ireland,6,0,0,0,1,1,0,0
Martín Montoya,28,Premier League,Defender,Brighton & Hove Albion,2166,Spain,25,0,0,0,1,3,4,0
Jesse Lingard,26,Premier League,Midfielder,Manchester United,1668,England,27,4,1,3,2,6,3,0
Ander Herrera,30,Premier League,Midfielder,Manchester United,1404,Spain,22,2,0,2,3,6,4,0
Max Meyer,24,Premier League,Midfielder,Crystal Palace,1414,Germany,29,1,0,1,2,8,3,0
Jordan Ayew,28,Premier League,Forward,Crystal Palace,1186,Ghana,20,1,0,1,2,6,3,0
Alberto Moreno,27,Premier League,Defender,Liverpool,155,Spain,2,0,0,0,0,0,0,0
Simon Mignolet,31,Premier League,Goalkeeper,Liverpool,0,Belgium,0,0,0,0,0,0,0,0
Joel Matip,28,Premier League,Defender,Liverpool,1532,Cameroon,22,1,1,0,0,11,3,0
Fabian Delph,29,Premier League,Midfielder,Manchester City,725,England,11,0,0,0,1,4,2,1
Arijanet Muric,20,Premier League,Goalkeeper,Manchester City,0,Montenegro,0,0,0,0,0,0,0,0
Jefferson Lerma,25,Premier League,Midfielder,AFC Bournemouth,2511,Colombia,30,2,0,2,0,8,12,0
Bernard Anício Caldeira Duarte,27,Premier League,Midfielder,Everton,2128,Brazil,34,1,0,1,3,14,5,0
Kieran Dowell,22,Premier League,Midfielder,Everton,0,England,0,0,0,0,0,0,0,0
Steven Davis,34,Premier League,Midfielder,Southampton,96,Northern Ireland,3,0,0,0,1,0,0,0
Shinji Okazaki,33,Premier League,Forward,Leicester City,269,Japan,21,0,0,0,1,2,0,0
Markus Suttner,32,Premier League,Defender,Brighton & Hove Albion,0,Austria,0,0,0,0,0,0,0,0
Sullay Kaikai,24,Premier League,Midfielder,Crystal Palace,0,England,0,0,0,0,0,0,0,0
Marcus Bettinelli,27,Premier League,Goalkeeper,Fulham,630,England,7,0,0,0,0,0,1,0
Denis Odoi,31,Premier League,Defender,Fulham,2593,Belgium,31,0,0,0,1,5,4,0
Jamie Sterry,23,Premier League,Defender,Newcastle United,0,England,0,0,0,0,0,0,0,0
Sean Longstaff,22,Premier League,Midfielder,Newcastle United,688,England,9,1,1,0,0,3,2,0
Antonio Valencia,34,Premier League,Defender,Manchester United,466,Ecuador,6,0,0,0,0,2,2,0
Phil Jones,27,Premier League,Defender,Manchester United,1263,England,18,0,0,0,1,4,1,0
Nemanja Matić,31,Premier League,Midfielder,Manchester United,2441,Serbia,28,1,1,0,0,6,8,1
Alfie Mawson,25,Premier League,Defender,Fulham,1131,England,15,0,0,0,0,3,2,0
Diego Rico,26,Premier League,Defender,AFC Bournemouth,607,Spain,12,0,0,0,0,0,1,0
Jason Puncheon,33,Premier League,Midfielder,Huddersfield Town,391,England,11,0,0,0,0,3,1,0
Tyias Browning,25,Premier League,Defender,Everton,0,England,0,0,0,0,0,0,0,0
Elias Kachunga,27,Premier League,Forward,Huddersfield Town,1181,Congo DR,20,0,0,0,0,2,2,0
Erik Durm,27,Premier League,Defender,Huddersfield Town,2051,Germany,28,0,0,0,1,3,0,0
Ryan Schofield,19,Premier League,Goalkeeper,Huddersfield Town,0,England,0,0,0,0,0,0,0,0
Kadeem Harris,26,Premier League,Midfielder,Cardiff City,366,England,13,1,1,0,0,4,1,0
Brian Murphy,36,Premier League,Goalkeeper,Cardiff City,0,Republic of Ireland,0,0,0,0,0,0,0,0
Dwight McNeil,19,Premier League,Forward,Burnley,1599,England,21,3,3,0,4,4,2,0
Matěj Vydra,27,Premier League,Forward,Burnley,311,Czech Republic,13,1,1,0,1,1,1,0
Nathaniel Chalobah,24,Premier League,Midfielder,Watford,266,England,9,0,0,0,0,1,2,0
Victor Wanyama,28,Premier League,Midfielder,Tottenham Hotspur,509,Kenya,13,1,1,0,0,6,2,0
Paulo Dino Gazzaniga,27,Premier League,Goalkeeper,Tottenham Hotspur,270,Argentina,3,0,0,0,0,1,0,0
Danny Drinkwater,29,Premier League,Midfielder,Chelsea,0,England,0,0,0,0,0,0,0,0
Oleksandr Zinchenko,22,Premier League,Midfielder,Manchester City,1153,Ukraine,14,0,0,0,3,10,1,0
Floyd Ayité,30,Premier League,Midfielder,Fulham,465,Togo,16,1,0,1,0,3,0,0
Junior Stanislas,29,Premier League,Midfielder,AFC Bournemouth,1027,England,23,2,1,1,3,7,1,0
Sergio Germán Romero,32,Premier League,Goalkeeper,Manchester United,0,Argentina,0,0,0,0,0,0,0,0
Florin Andone,26,Premier League,Forward,Brighton & Hove Albion,874,Romania,23,3,2,1,0,3,5,0
Alfie Whiteman,21,Premier League,Goalkeeper,Tottenham Hotspur,0,England,0,0,0,0,0,0,0,0
Gary Cahill,33,Premier League,Defender,Chelsea,22,England,2,0,0,0,0,2,0,0
Cesc Fabregas,32,Premier League,Midfielder,Chelsea,175,Spain,6,0,0,0,0,3,1,0
Grady Diangana,21,Premier League,Midfielder,West Ham United,604,England,17,0,0,0,1,2,0,0
Sead Kolašinac,26,Premier League,Defender,Arsenal,1891,Bosnia and Herzegovina,24,0,0,0,5,5,5,0
Marc Navarro Ceciliano,24,Premier League,Defender,Watford,84,Spain,2,0,0,0,0,0,0,0
Tim Ream,32,Premier League,Defender,Fulham,2051,USA,26,0,0,0,0,5,1,0
Danilo,28,Premier League,Defender,Manchester City,806,Brazil,11,1,0,1,0,5,1,0
Jose Izquierdo,27,Premier League,Forward,Brighton & Hove Albion,794,Colombia,15,0,0,0,1,5,1,0
Ivan Ricardo Neves Abreu Cavaleiro,26,Premier League,Forward,Wolverhampton Wanderers,682,Portugal,23,3,2,1,1,5,1,0
Steven Defour,31,Premier League,Midfielder,Burnley,452,Belgium,6,0,0,0,0,1,0,0
Oliver Skipp,19,Premier League,Midfielder,Tottenham Hotspur,216,England,8,0,0,0,0,4,0,0
Aron Einar Gunnarsson,30,Premier League,Midfielder,Cardiff City,2274,Iceland,28,1,1,0,1,8,5,0
Gerard Deulofeu,25,Premier League,Forward,Watford,2082,Spain,30,10,3,7,5,6,3,0
Zeze Steven Sessegnon,19,Premier League,Defender,Fulham,0,England,0,0,0,0,0,0,0,0
Damián Emiliano Martínez,27,Premier League,Goalkeeper,Arsenal,0,Argentina,0,0,0,0,0,0,0,0
Dejan Lovren,30,Premier League,Defender,Liverpool,985,Croatia,13,1,1,0,0,6,1,0
Loïc Damour,28,Premier League,Midfielder,Cardiff City,21,France,2,0,0,0,0,0,0,0
Ben Wilmot,19,Premier League,Defender,Watford,26,England,2,0,0,0,0,1,0,0
Domingos Quina,19,Premier League,Midfielder,Watford,335,Portugal,8,1,1,0,0,1,0,0
Juninho Bacuna,22,Premier League,Midfielder,Huddersfield Town,1414,Netherlands,21,1,0,1,0,2,4,0
Divock Origi,24,Premier League,Forward,Liverpool,366,Belgium,12,3,2,1,1,7,0,0
André Filipe Tavares Gomes,26,Premier League,Midfielder,Everton,1986,Portugal,27,1,1,0,1,10,7,0
Yerry Fernando Mina González,25,Premier League,Defender,Everton,890,Colombia,13,1,0,1,0,4,3,0
Connor Wickham,26,Premier League,Forward,Crystal Palace,61,England,6,0,0,0,1,2,0,0
Emile Smith Rowe,19,Premier League,Midfielder,Arsenal,0,England,0,0,0,0,0,0,0,0
Zechariah Medley,19,Premier League,Defender,Arsenal,0,England,0,0,0,0,0,0,0,0
Caglar Söyüncü,23,Premier League,Defender,Leicester City,371,Turkey,6,0,0,0,0,2,1,0
Jason Steele,29,Premier League,Goalkeeper,Brighton & Hove Albion,0,England,0,0,0,0,0,0,0,0
Leander Dendoncker,24,Premier League,Midfielder,Wolverhampton Wanderers,1469,Belgium,19,2,1,1,0,4,1,0
Matthew Connolly,32,Premier League,Defender,Cardiff City,0,England,0,0,0,0,0,0,0,0
Stefano Okaka,30,Premier League,Forward,Watford,22,Italy,2,0,0,0,0,0,1,0
Collin Quaner,28,Premier League,Forward,Huddersfield Town,37,Germany,2,0,0,0,0,0,0,0
Joe Powell,21,Premier League,Forward,West Ham United,0,England,0,0,0,0,0,0,0,0
Conor Coventry,19,Premier League,Midfielder,West Ham United,0,Republic of Ireland,0,0,0,0,0,0,0,0
Robbie Brady,27,Premier League,Midfielder,Burnley,715,Republic of Ireland,16,0,0,0,1,2,4,1
Faustino Marcos Alberto Rojo,29,Premier League,Defender,Manchester United,211,Argentina,5,0,0,0,0,0,2,0
Danny Simpson,32,Premier League,Defender,Leicester City,291,England,6,0,0,0,0,3,0,0
Fousseni Diabaté,24,Premier League,Midfielder,Leicester City,55,Mali,1,0,0,0,0,0,0,0
Juan Marcos Foyth,21,Premier League,Defender,Tottenham Hotspur,930,Argentina,12,1,0,1,0,4,4,1
Michael Obafemi,19,Premier League,Forward,Southampton,134,Republic of Ireland,6,1,0,1,1,0,1,0
Viktor Gyökeres,21,Premier League,Forward,Brighton & Hove Albion,0,Sweden,0,0,0,0,0,0,0,0
Marc Pugh,32,Premier League,Midfielder,AFC Bournemouth,0,England,0,0,0,0,0,0,0,0
Edward Nketiah,20,Premier League,Forward,Arsenal,62,England,5,1,0,1,0,1,0,0
Andy Carroll,30,Premier League,Forward,West Ham United,454,England,12,0,0,0,0,2,2,0
Freddie Woodman,22,Premier League,Goalkeeper,Newcastle United,0,England,0,0,0,0,0,0,0,0
Ryan Giles,19,Premier League,Midfielder,Wolverhampton Wanderers,0,England,0,0,0,0,0,0,0,0
Jack Simpson,22,Premier League,Defender,AFC Bournemouth,403,England,6,0,0,0,0,2,0,0
Yann Valery,20,Premier League,Defender,Southampton,1715,France,23,2,1,1,1,3,5,1
José Diogo Dalot Teixeira,20,Premier League,Defender,Manchester United,1015,Portugal,16,0,0,0,2,2,3,0
Rafael Euclides Soares Camacho,19,Premier League,Midfielder,Liverpool,0,Portugal,1,0,0,0,0,0,0,0
Josh Knight,22,Premier League,Defender,Leicester City,0,England,0,0,0,0,0,0,0,0
Laurent Koscielny,34,Premier League,Defender,Arsenal,1328,France,17,3,2,1,0,4,1,0
Ben White,22,Premier League,Defender,Brighton & Hove Albion,0,England,0,0,0,0,0,0,0,0
Emerson Palmieri dos Santos,25,Premier League,Defender,Chelsea,660,Italy,10,0,0,0,0,3,0,0
Hamza Choudhury,22,Premier League,Midfielder,Leicester City,596,England,9,0,0,0,0,4,0,0
Georges-Kevin N'Koudou Mbida,24,Premier League,Forward,Tottenham Hotspur,4,France,1,0,0,0,1,0,0,0
Julián Speroni,40,Premier League,Goalkeeper,Crystal Palace,90,Argentina,1,0,0,0,0,0,0,0
Scott Dann,32,Premier League,Defender,Crystal Palace,660,England,10,0,0,0,1,3,1,0
Timothy Eyoma,19,Premier League,Defender,Tottenham Hotspur,0,England,0,0,0,0,0,0,0,0
Tom Cleverley,30,Premier League,Midfielder,Watford,470,England,13,1,0,1,0,4,2,0
Alexandre Nascimento Costa Silva,22,Premier League,Forward,West Ham United,17,Portugal,1,0,0,0,0,0,0,0
Tyreke Johnson,20,Premier League,Defender,Southampton,0,England,1,0,0,0,0,0,0,0
Bakayo Sako,49,Premier League,Midfielder,Arsenal,7,England,1,0,0,0,0,0,0,0
Ali Koiki,19,Premier League,Defender,Burnley,0,England,0,0,0,0,0,0,0,0
Kayne Ramsey,19,Premier League,Midfielder,Southampton,90,England,1,0,0,0,0,0,0,0
Max Kilman,22,Premier League,Defender,Wolverhampton Wanderers,0,England,1,0,0,0,0,1,0,0
Angel Gomes,19,Premier League,Midfielder,Manchester United,25,England,2,0,0,0,0,0,0,0
Joseph Willock,20,Premier League,Midfielder,Arsenal,64,England,2,0,0,0,0,0,0,0
Callum Hudson-Odoi,18,Premier League,Midfielder,Chelsea,391,England,10,0,0,0,1,3,0,0
Miguel Ángel Britos Cabrera,34,Premier League,Defender,Watford,185,Uruguay,3,0,0,0,0,1,0,0
Ethan Ampadu,19,Premier League,Midfielder,Chelsea,0,Wales,0,0,0,0,0,0,0,0
Callum Slattery,20,Premier League,Midfielder,Southampton,110,England,3,0,0,0,0,0,0,0
Samir Nasri,32,Premier League,Midfielder,West Ham United,246,France,5,0,0,0,2,1,0,0
Florian Lejeune,28,Premier League,Defender,Newcastle United,1055,France,12,0,0,0,0,3,0,0
Max Harrison Sanders,20,Premier League,Midfielder,Brighton & Hove Albion,0,England,0,0,0,0,0,0,0,0
Rhys Healey,24,Premier League,Forward,Cardiff City,49,England,3,0,0,0,0,1,0,0
Harvey Lewis Barnes,21,Premier League,Midfielder,Leicester City,1007,England,16,1,0,1,2,3,0,0
Sam Gallagher,24,Premier League,Forward,Southampton,30,England,4,0,0,0,0,1,0,0
Joshua Sims,22,Premier League,Midfielder,Southampton,209,England,7,0,0,0,1,1,0,0
Joe Daniel Tupper,21,Premier League,Goalkeeper,Crystal Palace,0,England,0,0,0,0,0,0,0,0
Callum Roberts,22,Premier League,Forward,Newcastle United,0,England,0,0,0,0,0,0,0,0
Ryan Guno Babel,32,Premier League,Forward,Fulham,1260,Netherlands,16,5,3,2,3,3,3,0
Kazaiah Sterling,20,Premier League,Forward,Tottenham Hotspur,0,England,0,0,0,0,0,0,0,0
Carl Jenkinson,27,Premier League,Defender,Arsenal,166,England,3,0,0,0,0,0,0,0
Konstantinos Mavropanos,21,Premier League,Defender,Arsenal,150,Greece,4,0,0,0,0,1,1,0
Dan Burn,27,Premier League,Defender,Brighton & Hove Albion,0,England,0,0,0,0,0,0,0,0
James McCarthy,28,Premier League,Midfielder,Everton,14,Republic of Ireland,1,0,0,0,0,1,0,0
Josh Benson,19,Premier League,Midfielder,Burnley,0,England,0,0,0,0,0,0,0,0
Chris Mepham,21,Premier League,Defender,AFC Bournemouth,849,Wales,13,0,0,0,1,3,1,0
Dominic Solanke,22,Premier League,Forward,AFC Bournemouth,341,England,10,0,0,0,1,2,0,0
Gonzalo Higuain,31,Premier League,Forward,Chelsea,1092,Argentina,14,5,4,1,0,5,0,0
Antonio Barreca,24,Premier League,Defender,Newcastle United,4,Italy,1,0,0,0,0,0,0,0
Adalberto Peñaranda Maestre,22,Premier League,Forward,Watford,0,Venezuela,0,0,0,0,0,0,0,0
Peter Crouch,38,Premier League,Forward,Burnley,86,England,6,0,0,0,0,0,1,0
Alfie Jones,22,Premier League,Defender,Southampton,0,England,0,0,0,0,0,0,0,0
Karlan Ahearne-Grant,21,Premier League,Forward,Huddersfield Town,874,England,13,3,1,2,0,1,0,0
Michy Batshuayi,26,Premier League,Forward,Crystal Palace,756,Belgium,11,5,2,3,0,3,0,0
Bakary Sako,31,Premier League,Midfielder,Crystal Palace,25,Mali,4,0,0,0,0,1,0,0
Cameron John,20,Premier League,Defender,Wolverhampton Wanderers,0,England,0,0,0,0,0,0,0,0
Leandro Bacuna,28,Premier League,Midfielder,Cardiff City,554,Curaçao,11,0,0,0,0,4,2,0
Denis Suárez,25,Premier League,Midfielder,Arsenal,67,Spain,4,0,0,0,0,1,0,0
Curtis Jones,18,Premier League,Midfielder,Liverpool,0,England,0,0,0,0,0,0,0,0
Joel Coleman,24,Premier League,Goalkeeper,Huddersfield Town,90,England,1,0,0,0,0,0,0,0
Kyle Taylor,20,Premier League,Midfielder,AFC Bournemouth,0,England,0,0,0,0,0,0,0,0
Sam Surridge,21,Premier League,Forward,AFC Bournemouth,11,England,2,0,0,0,0,0,0,0
Youri Tielemans,22,Premier League,Midfielder,Leicester City,1092,Belgium,13,3,2,1,4,3,2,0
Miguel Ángel Almirón Rejala,25,Premier League,Midfielder,Newcastle United,763,Paraguay,10,0,0,0,0,3,0,0
Manuel Lanzini,26,Premier League,Midfielder,West Ham United,688,Argentina,10,1,0,1,1,2,2,0
Håvard Nordtveit,29,Premier League,Midfielder,Fulham,361,Norway,5,0,0,0,1,1,0,0
Lazar Marković,25,Premier League,Midfielder,Fulham,44,Serbia,1,0,0,0,0,0,0,0
Demeaco Duhaney,21,Premier League,Defender,Huddersfield Town,46,England,1,0,0,0,0,1,0,0
James Garner,18,Premier League,Defender,Manchester United,0,England,1,0,0,0,0,0,0,0
Tahith Chong,19,Premier League,Forward,Manchester United,36,Netherlands,2,0,0,0,0,0,0,0
Philippe Sandler,22,Premier League,Defender,Manchester City,0,Netherlands,0,0,0,0,0,0,0,0
Benjamin Johnson,19,Premier League,Forward,West Ham United,63,England,1,0,0,0,0,0,0,0
Matty Daly,18,Premier League,Midfielder,Huddersfield Town,73,England,2,0,0,0,0,0,0,0
Will Norris,26,Premier League,Goalkeeper,Wolverhampton Wanderers,0,England,1,0,0,0,0,1,0,0
Aaron Rowe,19,Premier League,Forward,Huddersfield Town,69,England,2,0,0,0,0,0,0,0
Mason Greenwood,18,Premier League,Midfielder,Manchester United,115,England,3,0,0,0,0,0,0,0
Sam Woods,21,Premier League,Defender,Crystal Palace,0,England,0,0,0,0,0,0,0,0
George Marsh,20,Premier League,Midfielder,Tottenham Hotspur,0,England,0,0,0,0,0,0,0,0
Harvey Elliot,49,Premier League,Forward,Fulham,18,England,2,0,0,0,0,0,0,0
Nathan Holland,21,Premier League,Midfielder,West Ham United,0,England,0,0,0,0,0,0,0,0
Vincent Janssen,25,Premier League,Forward,Tottenham Hotspur,36,Netherlands,3,0,0,0,0,1,0,0
Emerson Hyndman,23,Premier League,Midfielder,AFC Bournemouth,37,USA,1,0,0,0,0,0,0,0
Nnamdi Ofoborh,19,Premier League,Midfielder,AFC Bournemouth,0,England,0,0,0,0,0,0,0,0
Fraser Forster,31,Premier League,Goalkeeper,Southampton,90,England,1,0,0,0,0,0,0,0
Alex Oxlade-Chamberlain,26,Premier League,Midfielder,Liverpool,19,England,2,0,0,0,0,2,0,0
Anthony Driscoll-Glennon,19,Premier League,Defender,Burnley,0,England,0,0,0,0,0,0,0,0
Mark Travers,20,Premier League,Goalkeeper,AFC Bournemouth,180,Republic of Ireland,2,0,0,0,0,1,0,0
Jayson Molumby,20,Premier League,Midfielder,Brighton & Hove Albion,0,Republic of Ireland,0,0,0,0,0,0,0,0
Luke Dreher,20,Premier League,Midfielder,Crystal Palace,0,England,1,0,0,0,0,0,0,0
Nikola Tavares,20,Premier League,Defender,Crystal Palace,0,England,0,0,0,0,0,0,0,0
Matt Butcher,22,Premier League,Midfielder,AFC Bournemouth,0,England,0,0,0,0,0,0,0,0
Luca de la Torre,21,Premier League,Midfielder,Fulham,0,USA,0,0,0,0,0,0,0,0
Lewis Cass,19,Premier League,Defender,Newcastle United,0,England,0,0,0,0,0,0,0,0
Kelland Watts,19,Premier League,Midfielder,Newcastle United,0,England,0,0,0,0,0,0,0,0
Marc Guehi,19,Premier League,Defender,Chelsea,0,England,0,0,0,0,0,0,0,0
